"0","# –†–µ—à–µ–Ω–∏–µ –±—É–¥–µ—Ç —Ö–æ—Ä–æ—à–æ —Ä–∞–±–æ—Ç–∞—Ç—å, –∫–æ–≥–¥–∞ –≤ –Ω–∞—à–∏—Ö –¥–∞–Ω–Ω—ã—Ö –Ω–µ –±–æ–ª—å—à–µ 7 –∫–æ–ª–æ–Ω–æ–∫. –°–¥–µ–ª–∞–µ–º –≤—ã–±–æ—Ä–∫—É –¥–ª—è –∏–ª–ª—é—Å—Ç—Ä–∞—Ü–∏–∏"
"0","pima_cor_sampl <- cor(pima_clear[,1:7]) "
"0",""
"0","# –°–Ω–∞—á–∞–ª–∞ –Ω–∞–ø–∏—à–µ–º —Ñ—É–Ω–∫—Ü–∏–∏ –¥–ª—è —Ä–∞–∑–Ω—ã—Ö —Ç–∏–ø–æ–≤ –≥—Ä–∞—Ñ–∏–∫–æ–≤ –∫–æ—Ä—Ä–µ–ª—è—Ü–∏–π"
"0",""
"0","# –ü–∞—Ä–∞–º–µ—Ç—Ä—ã –¥–ª—è –¥–∏–∞–≥—Ä–∞–º–º —Ä–∞—Å—Å–µ—è–Ω–∏—è"
"0","panel.scat <- function(data, mapping) {"
"0","  ggplot(data = data, mapping = mapping) +"
"0","    geom_point(color = ""#4E79A7"", size = 1, alpha = 0.5) +"
"0","    scale_y_continuous(label = scales::label_number(scale_cut = scales::cut_long_scale())) +"
"0","    theme_minimal(base_size = 10) +"
"0","    theme(panel.grid.major = element_line(color = ""grey90"", size = 0.4),"
"0","          panel.grid.minor = element_line(color = ""grey90"", size = 0.2),"
"0","          axis.ticks = element_line(size = 0.4, colour = ""grey50""))"
"0","} "
"0",""
"0","# –ü–∞—Ä–∞–º–µ—Ç—Ä—ã –¥–ª—è –≥–∏—Å—Ç–æ–≥—Ä–∞–º–º"
"0","panel.hist <- function(data, mapping) {"
"0","  ggplot(data = data, mapping = mapping) +"
"0","    geom_histogram(fill = ""#4E79A7"", color = ""white"", bins = 7) +"
"0","    scale_x_continuous(label = scales::label_number(scale_cut = scales::cut_long_scale())) +"
"0","    theme_minimal(base_size = 10) +"
"0","    theme(panel.grid.major = element_blank(),"
"0","          panel.grid.minor = element_blank(),"
"0","          axis.ticks.y = element_blank(),"
"0","          axis.text.y = element_blank(),"
"0","          axis.ticks = element_line(size = 0.4, colour = ""grey50""))"
"0","} "
"0",""
"0","# –ü–∞—Ä–∞–º–µ—Ç—Ä—ã –¥–ª—è –∫–æ—ç—Ñ—Ñ–∏—Ü–∏–µ–Ω—Ç–æ–≤ –∫–æ—Ä—Ä–µ–ª—è—Ü–∏–∏"
"0","panel.cor <- function(data, mapping){"
"0","  ggally_cor(data = data, mapping = mapping, "
"0","             digits = 2, stars = FALSE, title = ""Correlation"") + "
"0","    theme_void() +"
"0","    theme(panel.border = element_blank())"
"0","}"
"0",""
"0","# –ü—Ä–∏–º–µ–Ω–∏–º —Ñ—É–Ω–∫—Ü–∏–∏ –≤—Å–µ –≤–º–µ—Å—Ç–µ"
"0","ggpairs(pima_clear, switch = ""y"","
"0","        diag = list(continuous = panel.hist),"
"0","        upper = list(continuous = panel.cor),"
"0","        lower = list(continuous = panel.scat),"
"0","        progress = FALSE) +"
"0","  theme(strip.background = element_blank(),"
"0","        strip.text = element_text(size = 11, face = ""bold""),"
"0","        strip.placement = ""outside"","
"0","          axis.text.x = element_text(angle = 45))"
"2","–ü—Ä–µ–¥—É–ø—Ä–µ–∂–¥–µ–Ω–∏–µ:"
"2"," [38;5;250mThe `size` argument of `element_line()` is deprecated as of ggplot2 3.4.0.
[36m‚Ñπ[38;5;250m Please use the `linewidth` argument instead.
[90mThis warning is displayed once every 8 hours.[38;5;250m
[90mCall `lifecycle::last_lifecycle_warnings()` to see where this warning was generated.[38;5;250m[39m
"
